{
	"plugin_name": "Some-Random",
	"plugin_scope": "somerandom",
	"plugin_exec": "main.js",
	"command_map": {
		"meme": {
			"hargs": {
				"vi_VN": "",
				"en_US": ""
			},
			"hdesc": {
				"vi_VN": "<Random image mimlót>",
				"en_US": ""
			},
			"fscope": "meme",
			"compatibly": 0
		},
		"pikachu": {
			"hargs": {
				"vi_VN": "",
				"en_US": ""
			},
			"hdesc": {
				"vi_VN": "<Random image pikachu>",
				"en_US": ""
			},
			"fscope": "pikachu",
			"compatibly": 0
		},
		"haiz": {
			"hargs": {
				"vi_VN": "",
				"en_US": ""
			},
			"hdesc": {
				"vi_VN": "<Met moi vai lin>",
				"en_US": ""
			},
			"fscope": "haiz",
			"compatibly": 0
		},
		"face": {
			"hargs": {
				"vi_VN": "",
				"en_US": ""
			},
			"hdesc": {
				"vi_VN": "<Random image face>",
				"en_US": ""
			},
			"fscope": "face",
			"compatibly": 0
		},
		"punch": {
			"hargs": {
				"vi_VN": "",
				"en_US": ""
			},
			"hdesc": {
				"vi_VN": "<@mention> [Đấm 1 ai đó]",
				"en_US": ""
			},
			"fscope": "punch",
			"compatibly": 0
		}
	},
	"author": "Trung",
	"version": "0.1.0",
	"node_depends": {
		"node-fetch": "*",
		"wait-for-stuff": "*",
		"fs": "*",
		"path": "*",
		"stream-buffers": "*",
		"merge-images": "*",
		"wait-on": "*",
		"jimp": "*"
	},
	"file_map": {},
	"complied_for": "0.5.0"
}